area_peril_id,companysize,annualrevenuelower,annualrevenueupper,currency,CountryCode,peril_id
1,1,0,10000000.0,USD,AD,CBS
2,2,10000000,100000000.0,USD,AD,CBS
3,3,100000000,1000000000.0,USD,AD,CBS
4,4,1000000000,10000000000.0,USD,AD,CBS
5,5,10000000000,100000000000.0,USD,AD,CBS
6,6,100000000000,inf,USD,AD,CBS
7,1,0,10000000.0,USD,AE,CBS
8,2,10000000,100000000.0,USD,AE,CBS
9,3,100000000,1000000000.0,USD,AE,CBS
10,4,1000000000,10000000000.0,USD,AE,CBS
11,5,10000000000,100000000000.0,USD,AE,CBS
12,6,100000000000,inf,USD,AE,CBS
13,1,0,10000000.0,USD,AF,CBS
14,2,10000000,100000000.0,USD,AF,CBS
15,3,100000000,1000000000.0,USD,AF,CBS
16,4,1000000000,10000000000.0,USD,AF,CBS
17,5,10000000000,100000000000.0,USD,AF,CBS
18,6,100000000000,inf,USD,AF,CBS
19,1,0,10000000.0,USD,AG,CBS
20,2,10000000,100000000.0,USD,AG,CBS
21,3,100000000,1000000000.0,USD,AG,CBS
22,4,1000000000,10000000000.0,USD,AG,CBS
23,5,10000000000,100000000000.0,USD,AG,CBS
24,6,100000000000,inf,USD,AG,CBS
25,1,0,10000000.0,USD,AI,CBS
26,2,10000000,100000000.0,USD,AI,CBS
27,3,100000000,1000000000.0,USD,AI,CBS
28,4,1000000000,10000000000.0,USD,AI,CBS
29,5,10000000000,100000000000.0,USD,AI,CBS
30,6,100000000000,inf,USD,AI,CBS
31,1,0,10000000.0,USD,AL,CBS
32,2,10000000,100000000.0,USD,AL,CBS
33,3,100000000,1000000000.0,USD,AL,CBS
34,4,1000000000,10000000000.0,USD,AL,CBS
35,5,10000000000,100000000000.0,USD,AL,CBS
36,6,100000000000,inf,USD,AL,CBS
37,1,0,10000000.0,USD,AM,CBS
38,2,10000000,100000000.0,USD,AM,CBS
39,3,100000000,1000000000.0,USD,AM,CBS
40,4,1000000000,10000000000.0,USD,AM,CBS
41,5,10000000000,100000000000.0,USD,AM,CBS
42,6,100000000000,inf,USD,AM,CBS
43,1,0,10000000.0,USD,AO,CBS
44,2,10000000,100000000.0,USD,AO,CBS
45,3,100000000,1000000000.0,USD,AO,CBS
46,4,1000000000,10000000000.0,USD,AO,CBS
47,5,10000000000,100000000000.0,USD,AO,CBS
48,6,100000000000,inf,USD,AO,CBS
49,1,0,10000000.0,USD,AR,CBS
50,2,10000000,100000000.0,USD,AR,CBS
51,3,100000000,1000000000.0,USD,AR,CBS
52,4,1000000000,10000000000.0,USD,AR,CBS
53,5,10000000000,100000000000.0,USD,AR,CBS
54,6,100000000000,inf,USD,AR,CBS
55,1,0,10000000.0,USD,AS,CBS
56,2,10000000,100000000.0,USD,AS,CBS
57,3,100000000,1000000000.0,USD,AS,CBS
58,4,1000000000,10000000000.0,USD,AS,CBS
59,5,10000000000,100000000000.0,USD,AS,CBS
60,6,100000000000,inf,USD,AS,CBS
61,1,0,10000000.0,USD,AT,CBS
62,2,10000000,100000000.0,USD,AT,CBS
63,3,100000000,1000000000.0,USD,AT,CBS
64,4,1000000000,10000000000.0,USD,AT,CBS
65,5,10000000000,100000000000.0,USD,AT,CBS
66,6,100000000000,inf,USD,AT,CBS
67,1,0,10000000.0,USD,AU,CBS
68,2,10000000,100000000.0,USD,AU,CBS
69,3,100000000,1000000000.0,USD,AU,CBS
70,4,1000000000,10000000000.0,USD,AU,CBS
71,5,10000000000,100000000000.0,USD,AU,CBS
72,6,100000000000,inf,USD,AU,CBS
73,1,0,10000000.0,USD,AW,CBS
74,2,10000000,100000000.0,USD,AW,CBS
75,3,100000000,1000000000.0,USD,AW,CBS
76,4,1000000000,10000000000.0,USD,AW,CBS
77,5,10000000000,100000000000.0,USD,AW,CBS
78,6,100000000000,inf,USD,AW,CBS
79,1,0,10000000.0,USD,AX,CBS
80,2,10000000,100000000.0,USD,AX,CBS
81,3,100000000,1000000000.0,USD,AX,CBS
82,4,1000000000,10000000000.0,USD,AX,CBS
83,5,10000000000,100000000000.0,USD,AX,CBS
84,6,100000000000,inf,USD,AX,CBS
85,1,0,10000000.0,USD,AZ,CBS
86,2,10000000,100000000.0,USD,AZ,CBS
87,3,100000000,1000000000.0,USD,AZ,CBS
88,4,1000000000,10000000000.0,USD,AZ,CBS
89,5,10000000000,100000000000.0,USD,AZ,CBS
90,6,100000000000,inf,USD,AZ,CBS
91,1,0,10000000.0,USD,BA,CBS
92,2,10000000,100000000.0,USD,BA,CBS
93,3,100000000,1000000000.0,USD,BA,CBS
94,4,1000000000,10000000000.0,USD,BA,CBS
95,5,10000000000,100000000000.0,USD,BA,CBS
96,6,100000000000,inf,USD,BA,CBS
97,1,0,10000000.0,USD,BB,CBS
98,2,10000000,100000000.0,USD,BB,CBS
99,3,100000000,1000000000.0,USD,BB,CBS
100,4,1000000000,10000000000.0,USD,BB,CBS
101,5,10000000000,100000000000.0,USD,BB,CBS
102,6,100000000000,inf,USD,BB,CBS
103,1,0,10000000.0,USD,BD,CBS
104,2,10000000,100000000.0,USD,BD,CBS
105,3,100000000,1000000000.0,USD,BD,CBS
106,4,1000000000,10000000000.0,USD,BD,CBS
107,5,10000000000,100000000000.0,USD,BD,CBS
108,6,100000000000,inf,USD,BD,CBS
109,1,0,10000000.0,USD,BE,CBS
110,2,10000000,100000000.0,USD,BE,CBS
111,3,100000000,1000000000.0,USD,BE,CBS
112,4,1000000000,10000000000.0,USD,BE,CBS
113,5,10000000000,100000000000.0,USD,BE,CBS
114,6,100000000000,inf,USD,BE,CBS
115,1,0,10000000.0,USD,BF,CBS
116,2,10000000,100000000.0,USD,BF,CBS
117,3,100000000,1000000000.0,USD,BF,CBS
118,4,1000000000,10000000000.0,USD,BF,CBS
119,5,10000000000,100000000000.0,USD,BF,CBS
120,6,100000000000,inf,USD,BF,CBS
121,1,0,10000000.0,USD,BG,CBS
122,2,10000000,100000000.0,USD,BG,CBS
123,3,100000000,1000000000.0,USD,BG,CBS
124,4,1000000000,10000000000.0,USD,BG,CBS
125,5,10000000000,100000000000.0,USD,BG,CBS
126,6,100000000000,inf,USD,BG,CBS
127,1,0,10000000.0,USD,BH,CBS
128,2,10000000,100000000.0,USD,BH,CBS
129,3,100000000,1000000000.0,USD,BH,CBS
130,4,1000000000,10000000000.0,USD,BH,CBS
131,5,10000000000,100000000000.0,USD,BH,CBS
132,6,100000000000,inf,USD,BH,CBS
133,1,0,10000000.0,USD,BI,CBS
134,2,10000000,100000000.0,USD,BI,CBS
135,3,100000000,1000000000.0,USD,BI,CBS
136,4,1000000000,10000000000.0,USD,BI,CBS
137,5,10000000000,100000000000.0,USD,BI,CBS
138,6,100000000000,inf,USD,BI,CBS
139,1,0,10000000.0,USD,BJ,CBS
140,2,10000000,100000000.0,USD,BJ,CBS
141,3,100000000,1000000000.0,USD,BJ,CBS
142,4,1000000000,10000000000.0,USD,BJ,CBS
143,5,10000000000,100000000000.0,USD,BJ,CBS
144,6,100000000000,inf,USD,BJ,CBS
145,1,0,10000000.0,USD,BL,CBS
146,2,10000000,100000000.0,USD,BL,CBS
147,3,100000000,1000000000.0,USD,BL,CBS
148,4,1000000000,10000000000.0,USD,BL,CBS
149,5,10000000000,100000000000.0,USD,BL,CBS
150,6,100000000000,inf,USD,BL,CBS
151,1,0,10000000.0,USD,BM,CBS
152,2,10000000,100000000.0,USD,BM,CBS
153,3,100000000,1000000000.0,USD,BM,CBS
154,4,1000000000,10000000000.0,USD,BM,CBS
155,5,10000000000,100000000000.0,USD,BM,CBS
156,6,100000000000,inf,USD,BM,CBS
157,1,0,10000000.0,USD,BN,CBS
158,2,10000000,100000000.0,USD,BN,CBS
159,3,100000000,1000000000.0,USD,BN,CBS
160,4,1000000000,10000000000.0,USD,BN,CBS
161,5,10000000000,100000000000.0,USD,BN,CBS
162,6,100000000000,inf,USD,BN,CBS
163,1,0,10000000.0,USD,BO,CBS
164,2,10000000,100000000.0,USD,BO,CBS
165,3,100000000,1000000000.0,USD,BO,CBS
166,4,1000000000,10000000000.0,USD,BO,CBS
167,5,10000000000,100000000000.0,USD,BO,CBS
168,6,100000000000,inf,USD,BO,CBS
169,1,0,10000000.0,USD,BR,CBS
170,2,10000000,100000000.0,USD,BR,CBS
171,3,100000000,1000000000.0,USD,BR,CBS
172,4,1000000000,10000000000.0,USD,BR,CBS
173,5,10000000000,100000000000.0,USD,BR,CBS
174,6,100000000000,inf,USD,BR,CBS
175,1,0,10000000.0,USD,BS,CBS
176,2,10000000,100000000.0,USD,BS,CBS
177,3,100000000,1000000000.0,USD,BS,CBS
178,4,1000000000,10000000000.0,USD,BS,CBS
179,5,10000000000,100000000000.0,USD,BS,CBS
180,6,100000000000,inf,USD,BS,CBS
181,1,0,10000000.0,USD,BT,CBS
182,2,10000000,100000000.0,USD,BT,CBS
183,3,100000000,1000000000.0,USD,BT,CBS
184,4,1000000000,10000000000.0,USD,BT,CBS
185,5,10000000000,100000000000.0,USD,BT,CBS
186,6,100000000000,inf,USD,BT,CBS
187,1,0,10000000.0,USD,BV,CBS
188,2,10000000,100000000.0,USD,BV,CBS
189,3,100000000,1000000000.0,USD,BV,CBS
190,4,1000000000,10000000000.0,USD,BV,CBS
191,5,10000000000,100000000000.0,USD,BV,CBS
192,6,100000000000,inf,USD,BV,CBS
193,1,0,10000000.0,USD,BW,CBS
194,2,10000000,100000000.0,USD,BW,CBS
195,3,100000000,1000000000.0,USD,BW,CBS
196,4,1000000000,10000000000.0,USD,BW,CBS
197,5,10000000000,100000000000.0,USD,BW,CBS
198,6,100000000000,inf,USD,BW,CBS
199,1,0,10000000.0,USD,BY,CBS
200,2,10000000,100000000.0,USD,BY,CBS
201,3,100000000,1000000000.0,USD,BY,CBS
202,4,1000000000,10000000000.0,USD,BY,CBS
203,5,10000000000,100000000000.0,USD,BY,CBS
204,6,100000000000,inf,USD,BY,CBS
205,1,0,10000000.0,USD,BZ,CBS
206,2,10000000,100000000.0,USD,BZ,CBS
207,3,100000000,1000000000.0,USD,BZ,CBS
208,4,1000000000,10000000000.0,USD,BZ,CBS
209,5,10000000000,100000000000.0,USD,BZ,CBS
210,6,100000000000,inf,USD,BZ,CBS
211,1,0,10000000.0,USD,CA,CBS
212,2,10000000,100000000.0,USD,CA,CBS
213,3,100000000,1000000000.0,USD,CA,CBS
214,4,1000000000,10000000000.0,USD,CA,CBS
215,5,10000000000,100000000000.0,USD,CA,CBS
216,6,100000000000,inf,USD,CA,CBS
217,1,0,10000000.0,USD,CC,CBS
218,2,10000000,100000000.0,USD,CC,CBS
219,3,100000000,1000000000.0,USD,CC,CBS
220,4,1000000000,10000000000.0,USD,CC,CBS
221,5,10000000000,100000000000.0,USD,CC,CBS
222,6,100000000000,inf,USD,CC,CBS
223,1,0,10000000.0,USD,CD,CBS
224,2,10000000,100000000.0,USD,CD,CBS
225,3,100000000,1000000000.0,USD,CD,CBS
226,4,1000000000,10000000000.0,USD,CD,CBS
227,5,10000000000,100000000000.0,USD,CD,CBS
228,6,100000000000,inf,USD,CD,CBS
229,1,0,10000000.0,USD,CF,CBS
230,2,10000000,100000000.0,USD,CF,CBS
231,3,100000000,1000000000.0,USD,CF,CBS
232,4,1000000000,10000000000.0,USD,CF,CBS
233,5,10000000000,100000000000.0,USD,CF,CBS
234,6,100000000000,inf,USD,CF,CBS
235,1,0,10000000.0,USD,CG,CBS
236,2,10000000,100000000.0,USD,CG,CBS
237,3,100000000,1000000000.0,USD,CG,CBS
238,4,1000000000,10000000000.0,USD,CG,CBS
239,5,10000000000,100000000000.0,USD,CG,CBS
240,6,100000000000,inf,USD,CG,CBS
241,1,0,10000000.0,USD,CH,CBS
242,2,10000000,100000000.0,USD,CH,CBS
243,3,100000000,1000000000.0,USD,CH,CBS
244,4,1000000000,10000000000.0,USD,CH,CBS
245,5,10000000000,100000000000.0,USD,CH,CBS
246,6,100000000000,inf,USD,CH,CBS
247,1,0,10000000.0,USD,CI,CBS
248,2,10000000,100000000.0,USD,CI,CBS
249,3,100000000,1000000000.0,USD,CI,CBS
250,4,1000000000,10000000000.0,USD,CI,CBS
251,5,10000000000,100000000000.0,USD,CI,CBS
252,6,100000000000,inf,USD,CI,CBS
253,1,0,10000000.0,USD,CK,CBS
254,2,10000000,100000000.0,USD,CK,CBS
255,3,100000000,1000000000.0,USD,CK,CBS
256,4,1000000000,10000000000.0,USD,CK,CBS
257,5,10000000000,100000000000.0,USD,CK,CBS
258,6,100000000000,inf,USD,CK,CBS
259,1,0,10000000.0,USD,CL,CBS
260,2,10000000,100000000.0,USD,CL,CBS
261,3,100000000,1000000000.0,USD,CL,CBS
262,4,1000000000,10000000000.0,USD,CL,CBS
263,5,10000000000,100000000000.0,USD,CL,CBS
264,6,100000000000,inf,USD,CL,CBS
265,1,0,10000000.0,USD,CM,CBS
266,2,10000000,100000000.0,USD,CM,CBS
267,3,100000000,1000000000.0,USD,CM,CBS
268,4,1000000000,10000000000.0,USD,CM,CBS
269,5,10000000000,100000000000.0,USD,CM,CBS
270,6,100000000000,inf,USD,CM,CBS
271,1,0,10000000.0,USD,CN,CBS
272,2,10000000,100000000.0,USD,CN,CBS
273,3,100000000,1000000000.0,USD,CN,CBS
274,4,1000000000,10000000000.0,USD,CN,CBS
275,5,10000000000,100000000000.0,USD,CN,CBS
276,6,100000000000,inf,USD,CN,CBS
277,1,0,10000000.0,USD,CO,CBS
278,2,10000000,100000000.0,USD,CO,CBS
279,3,100000000,1000000000.0,USD,CO,CBS
280,4,1000000000,10000000000.0,USD,CO,CBS
281,5,10000000000,100000000000.0,USD,CO,CBS
282,6,100000000000,inf,USD,CO,CBS
283,1,0,10000000.0,USD,CR,CBS
284,2,10000000,100000000.0,USD,CR,CBS
285,3,100000000,1000000000.0,USD,CR,CBS
286,4,1000000000,10000000000.0,USD,CR,CBS
287,5,10000000000,100000000000.0,USD,CR,CBS
288,6,100000000000,inf,USD,CR,CBS
289,1,0,10000000.0,USD,CU,CBS
290,2,10000000,100000000.0,USD,CU,CBS
291,3,100000000,1000000000.0,USD,CU,CBS
292,4,1000000000,10000000000.0,USD,CU,CBS
293,5,10000000000,100000000000.0,USD,CU,CBS
294,6,100000000000,inf,USD,CU,CBS
295,1,0,10000000.0,USD,CV,CBS
296,2,10000000,100000000.0,USD,CV,CBS
297,3,100000000,1000000000.0,USD,CV,CBS
298,4,1000000000,10000000000.0,USD,CV,CBS
299,5,10000000000,100000000000.0,USD,CV,CBS
300,6,100000000000,inf,USD,CV,CBS
301,1,0,10000000.0,USD,CW,CBS
302,2,10000000,100000000.0,USD,CW,CBS
303,3,100000000,1000000000.0,USD,CW,CBS
304,4,1000000000,10000000000.0,USD,CW,CBS
305,5,10000000000,100000000000.0,USD,CW,CBS
306,6,100000000000,inf,USD,CW,CBS
307,1,0,10000000.0,USD,CX,CBS
308,2,10000000,100000000.0,USD,CX,CBS
309,3,100000000,1000000000.0,USD,CX,CBS
310,4,1000000000,10000000000.0,USD,CX,CBS
311,5,10000000000,100000000000.0,USD,CX,CBS
312,6,100000000000,inf,USD,CX,CBS
313,1,0,10000000.0,USD,CY,CBS
314,2,10000000,100000000.0,USD,CY,CBS
315,3,100000000,1000000000.0,USD,CY,CBS
316,4,1000000000,10000000000.0,USD,CY,CBS
317,5,10000000000,100000000000.0,USD,CY,CBS
318,6,100000000000,inf,USD,CY,CBS
319,1,0,10000000.0,USD,CZ,CBS
320,2,10000000,100000000.0,USD,CZ,CBS
321,3,100000000,1000000000.0,USD,CZ,CBS
322,4,1000000000,10000000000.0,USD,CZ,CBS
323,5,10000000000,100000000000.0,USD,CZ,CBS
324,6,100000000000,inf,USD,CZ,CBS
325,1,0,10000000.0,USD,DE,CBS
326,2,10000000,100000000.0,USD,DE,CBS
327,3,100000000,1000000000.0,USD,DE,CBS
328,4,1000000000,10000000000.0,USD,DE,CBS
329,5,10000000000,100000000000.0,USD,DE,CBS
330,6,100000000000,inf,USD,DE,CBS
331,1,0,10000000.0,USD,DJ,CBS
332,2,10000000,100000000.0,USD,DJ,CBS
333,3,100000000,1000000000.0,USD,DJ,CBS
334,4,1000000000,10000000000.0,USD,DJ,CBS
335,5,10000000000,100000000000.0,USD,DJ,CBS
336,6,100000000000,inf,USD,DJ,CBS
337,1,0,10000000.0,USD,DK,CBS
338,2,10000000,100000000.0,USD,DK,CBS
339,3,100000000,1000000000.0,USD,DK,CBS
340,4,1000000000,10000000000.0,USD,DK,CBS
341,5,10000000000,100000000000.0,USD,DK,CBS
342,6,100000000000,inf,USD,DK,CBS
343,1,0,10000000.0,USD,DM,CBS
344,2,10000000,100000000.0,USD,DM,CBS
345,3,100000000,1000000000.0,USD,DM,CBS
346,4,1000000000,10000000000.0,USD,DM,CBS
347,5,10000000000,100000000000.0,USD,DM,CBS
348,6,100000000000,inf,USD,DM,CBS
349,1,0,10000000.0,USD,DO,CBS
350,2,10000000,100000000.0,USD,DO,CBS
351,3,100000000,1000000000.0,USD,DO,CBS
352,4,1000000000,10000000000.0,USD,DO,CBS
353,5,10000000000,100000000000.0,USD,DO,CBS
354,6,100000000000,inf,USD,DO,CBS
355,1,0,10000000.0,USD,DZ,CBS
356,2,10000000,100000000.0,USD,DZ,CBS
357,3,100000000,1000000000.0,USD,DZ,CBS
358,4,1000000000,10000000000.0,USD,DZ,CBS
359,5,10000000000,100000000000.0,USD,DZ,CBS
360,6,100000000000,inf,USD,DZ,CBS
361,1,0,10000000.0,USD,EC,CBS
362,2,10000000,100000000.0,USD,EC,CBS
363,3,100000000,1000000000.0,USD,EC,CBS
364,4,1000000000,10000000000.0,USD,EC,CBS
365,5,10000000000,100000000000.0,USD,EC,CBS
366,6,100000000000,inf,USD,EC,CBS
367,1,0,10000000.0,USD,EE,CBS
368,2,10000000,100000000.0,USD,EE,CBS
369,3,100000000,1000000000.0,USD,EE,CBS
370,4,1000000000,10000000000.0,USD,EE,CBS
371,5,10000000000,100000000000.0,USD,EE,CBS
372,6,100000000000,inf,USD,EE,CBS
373,1,0,10000000.0,USD,EG,CBS
374,2,10000000,100000000.0,USD,EG,CBS
375,3,100000000,1000000000.0,USD,EG,CBS
376,4,1000000000,10000000000.0,USD,EG,CBS
377,5,10000000000,100000000000.0,USD,EG,CBS
378,6,100000000000,inf,USD,EG,CBS
379,1,0,10000000.0,USD,EH,CBS
380,2,10000000,100000000.0,USD,EH,CBS
381,3,100000000,1000000000.0,USD,EH,CBS
382,4,1000000000,10000000000.0,USD,EH,CBS
383,5,10000000000,100000000000.0,USD,EH,CBS
384,6,100000000000,inf,USD,EH,CBS
385,1,0,10000000.0,USD,ER,CBS
386,2,10000000,100000000.0,USD,ER,CBS
387,3,100000000,1000000000.0,USD,ER,CBS
388,4,1000000000,10000000000.0,USD,ER,CBS
389,5,10000000000,100000000000.0,USD,ER,CBS
390,6,100000000000,inf,USD,ER,CBS
391,1,0,10000000.0,USD,ES,CBS
392,2,10000000,100000000.0,USD,ES,CBS
393,3,100000000,1000000000.0,USD,ES,CBS
394,4,1000000000,10000000000.0,USD,ES,CBS
395,5,10000000000,100000000000.0,USD,ES,CBS
396,6,100000000000,inf,USD,ES,CBS
397,1,0,10000000.0,USD,ET,CBS
398,2,10000000,100000000.0,USD,ET,CBS
399,3,100000000,1000000000.0,USD,ET,CBS
400,4,1000000000,10000000000.0,USD,ET,CBS
401,5,10000000000,100000000000.0,USD,ET,CBS
402,6,100000000000,inf,USD,ET,CBS
403,1,0,10000000.0,USD,FI,CBS
404,2,10000000,100000000.0,USD,FI,CBS
405,3,100000000,1000000000.0,USD,FI,CBS
406,4,1000000000,10000000000.0,USD,FI,CBS
407,5,10000000000,100000000000.0,USD,FI,CBS
408,6,100000000000,inf,USD,FI,CBS
409,1,0,10000000.0,USD,FJ,CBS
410,2,10000000,100000000.0,USD,FJ,CBS
411,3,100000000,1000000000.0,USD,FJ,CBS
412,4,1000000000,10000000000.0,USD,FJ,CBS
413,5,10000000000,100000000000.0,USD,FJ,CBS
414,6,100000000000,inf,USD,FJ,CBS
415,1,0,10000000.0,USD,FM,CBS
416,2,10000000,100000000.0,USD,FM,CBS
417,3,100000000,1000000000.0,USD,FM,CBS
418,4,1000000000,10000000000.0,USD,FM,CBS
419,5,10000000000,100000000000.0,USD,FM,CBS
420,6,100000000000,inf,USD,FM,CBS
421,1,0,10000000.0,USD,FO,CBS
422,2,10000000,100000000.0,USD,FO,CBS
423,3,100000000,1000000000.0,USD,FO,CBS
424,4,1000000000,10000000000.0,USD,FO,CBS
425,5,10000000000,100000000000.0,USD,FO,CBS
426,6,100000000000,inf,USD,FO,CBS
427,1,0,10000000.0,USD,FR,CBS
428,2,10000000,100000000.0,USD,FR,CBS
429,3,100000000,1000000000.0,USD,FR,CBS
430,4,1000000000,10000000000.0,USD,FR,CBS
431,5,10000000000,100000000000.0,USD,FR,CBS
432,6,100000000000,inf,USD,FR,CBS
433,1,0,10000000.0,USD,GA,CBS
434,2,10000000,100000000.0,USD,GA,CBS
435,3,100000000,1000000000.0,USD,GA,CBS
436,4,1000000000,10000000000.0,USD,GA,CBS
437,5,10000000000,100000000000.0,USD,GA,CBS
438,6,100000000000,inf,USD,GA,CBS
439,1,0,10000000.0,USD,GB,CBS
440,2,10000000,100000000.0,USD,GB,CBS
441,3,100000000,1000000000.0,USD,GB,CBS
442,4,1000000000,10000000000.0,USD,GB,CBS
443,5,10000000000,100000000000.0,USD,GB,CBS
444,6,100000000000,inf,USD,GB,CBS
445,1,0,10000000.0,USD,GD,CBS
446,2,10000000,100000000.0,USD,GD,CBS
447,3,100000000,1000000000.0,USD,GD,CBS
448,4,1000000000,10000000000.0,USD,GD,CBS
449,5,10000000000,100000000000.0,USD,GD,CBS
450,6,100000000000,inf,USD,GD,CBS
451,1,0,10000000.0,USD,GE,CBS
452,2,10000000,100000000.0,USD,GE,CBS
453,3,100000000,1000000000.0,USD,GE,CBS
454,4,1000000000,10000000000.0,USD,GE,CBS
455,5,10000000000,100000000000.0,USD,GE,CBS
456,6,100000000000,inf,USD,GE,CBS
457,1,0,10000000.0,USD,GF,CBS
458,2,10000000,100000000.0,USD,GF,CBS
459,3,100000000,1000000000.0,USD,GF,CBS
460,4,1000000000,10000000000.0,USD,GF,CBS
461,5,10000000000,100000000000.0,USD,GF,CBS
462,6,100000000000,inf,USD,GF,CBS
463,1,0,10000000.0,USD,GG,CBS
464,2,10000000,100000000.0,USD,GG,CBS
465,3,100000000,1000000000.0,USD,GG,CBS
466,4,1000000000,10000000000.0,USD,GG,CBS
467,5,10000000000,100000000000.0,USD,GG,CBS
468,6,100000000000,inf,USD,GG,CBS
469,1,0,10000000.0,USD,GH,CBS
470,2,10000000,100000000.0,USD,GH,CBS
471,3,100000000,1000000000.0,USD,GH,CBS
472,4,1000000000,10000000000.0,USD,GH,CBS
473,5,10000000000,100000000000.0,USD,GH,CBS
474,6,100000000000,inf,USD,GH,CBS
475,1,0,10000000.0,USD,GI,CBS
476,2,10000000,100000000.0,USD,GI,CBS
477,3,100000000,1000000000.0,USD,GI,CBS
478,4,1000000000,10000000000.0,USD,GI,CBS
479,5,10000000000,100000000000.0,USD,GI,CBS
480,6,100000000000,inf,USD,GI,CBS
481,1,0,10000000.0,USD,GL,CBS
482,2,10000000,100000000.0,USD,GL,CBS
483,3,100000000,1000000000.0,USD,GL,CBS
484,4,1000000000,10000000000.0,USD,GL,CBS
485,5,10000000000,100000000000.0,USD,GL,CBS
486,6,100000000000,inf,USD,GL,CBS
487,1,0,10000000.0,USD,GM,CBS
488,2,10000000,100000000.0,USD,GM,CBS
489,3,100000000,1000000000.0,USD,GM,CBS
490,4,1000000000,10000000000.0,USD,GM,CBS
491,5,10000000000,100000000000.0,USD,GM,CBS
492,6,100000000000,inf,USD,GM,CBS
493,1,0,10000000.0,USD,GN,CBS
494,2,10000000,100000000.0,USD,GN,CBS
495,3,100000000,1000000000.0,USD,GN,CBS
496,4,1000000000,10000000000.0,USD,GN,CBS
497,5,10000000000,100000000000.0,USD,GN,CBS
498,6,100000000000,inf,USD,GN,CBS
499,1,0,10000000.0,USD,GP,CBS
500,2,10000000,100000000.0,USD,GP,CBS
501,3,100000000,1000000000.0,USD,GP,CBS
502,4,1000000000,10000000000.0,USD,GP,CBS
503,5,10000000000,100000000000.0,USD,GP,CBS
504,6,100000000000,inf,USD,GP,CBS
505,1,0,10000000.0,USD,GQ,CBS
506,2,10000000,100000000.0,USD,GQ,CBS
507,3,100000000,1000000000.0,USD,GQ,CBS
508,4,1000000000,10000000000.0,USD,GQ,CBS
509,5,10000000000,100000000000.0,USD,GQ,CBS
510,6,100000000000,inf,USD,GQ,CBS
511,1,0,10000000.0,USD,GR,CBS
512,2,10000000,100000000.0,USD,GR,CBS
513,3,100000000,1000000000.0,USD,GR,CBS
514,4,1000000000,10000000000.0,USD,GR,CBS
515,5,10000000000,100000000000.0,USD,GR,CBS
516,6,100000000000,inf,USD,GR,CBS
517,1,0,10000000.0,USD,GT,CBS
518,2,10000000,100000000.0,USD,GT,CBS
519,3,100000000,1000000000.0,USD,GT,CBS
520,4,1000000000,10000000000.0,USD,GT,CBS
521,5,10000000000,100000000000.0,USD,GT,CBS
522,6,100000000000,inf,USD,GT,CBS
523,1,0,10000000.0,USD,GU,CBS
524,2,10000000,100000000.0,USD,GU,CBS
525,3,100000000,1000000000.0,USD,GU,CBS
526,4,1000000000,10000000000.0,USD,GU,CBS
527,5,10000000000,100000000000.0,USD,GU,CBS
528,6,100000000000,inf,USD,GU,CBS
529,1,0,10000000.0,USD,GW,CBS
530,2,10000000,100000000.0,USD,GW,CBS
531,3,100000000,1000000000.0,USD,GW,CBS
532,4,1000000000,10000000000.0,USD,GW,CBS
533,5,10000000000,100000000000.0,USD,GW,CBS
534,6,100000000000,inf,USD,GW,CBS
535,1,0,10000000.0,USD,GY,CBS
536,2,10000000,100000000.0,USD,GY,CBS
537,3,100000000,1000000000.0,USD,GY,CBS
538,4,1000000000,10000000000.0,USD,GY,CBS
539,5,10000000000,100000000000.0,USD,GY,CBS
540,6,100000000000,inf,USD,GY,CBS
541,1,0,10000000.0,USD,HK,CBS
542,2,10000000,100000000.0,USD,HK,CBS
543,3,100000000,1000000000.0,USD,HK,CBS
544,4,1000000000,10000000000.0,USD,HK,CBS
545,5,10000000000,100000000000.0,USD,HK,CBS
546,6,100000000000,inf,USD,HK,CBS
547,1,0,10000000.0,USD,HM,CBS
548,2,10000000,100000000.0,USD,HM,CBS
549,3,100000000,1000000000.0,USD,HM,CBS
550,4,1000000000,10000000000.0,USD,HM,CBS
551,5,10000000000,100000000000.0,USD,HM,CBS
552,6,100000000000,inf,USD,HM,CBS
553,1,0,10000000.0,USD,HN,CBS
554,2,10000000,100000000.0,USD,HN,CBS
555,3,100000000,1000000000.0,USD,HN,CBS
556,4,1000000000,10000000000.0,USD,HN,CBS
557,5,10000000000,100000000000.0,USD,HN,CBS
558,6,100000000000,inf,USD,HN,CBS
559,1,0,10000000.0,USD,HR,CBS
560,2,10000000,100000000.0,USD,HR,CBS
561,3,100000000,1000000000.0,USD,HR,CBS
562,4,1000000000,10000000000.0,USD,HR,CBS
563,5,10000000000,100000000000.0,USD,HR,CBS
564,6,100000000000,inf,USD,HR,CBS
565,1,0,10000000.0,USD,HT,CBS
566,2,10000000,100000000.0,USD,HT,CBS
567,3,100000000,1000000000.0,USD,HT,CBS
568,4,1000000000,10000000000.0,USD,HT,CBS
569,5,10000000000,100000000000.0,USD,HT,CBS
570,6,100000000000,inf,USD,HT,CBS
571,1,0,10000000.0,USD,HU,CBS
572,2,10000000,100000000.0,USD,HU,CBS
573,3,100000000,1000000000.0,USD,HU,CBS
574,4,1000000000,10000000000.0,USD,HU,CBS
575,5,10000000000,100000000000.0,USD,HU,CBS
576,6,100000000000,inf,USD,HU,CBS
577,1,0,10000000.0,USD,ID,CBS
578,2,10000000,100000000.0,USD,ID,CBS
579,3,100000000,1000000000.0,USD,ID,CBS
580,4,1000000000,10000000000.0,USD,ID,CBS
581,5,10000000000,100000000000.0,USD,ID,CBS
582,6,100000000000,inf,USD,ID,CBS
583,1,0,10000000.0,USD,IE,CBS
584,2,10000000,100000000.0,USD,IE,CBS
585,3,100000000,1000000000.0,USD,IE,CBS
586,4,1000000000,10000000000.0,USD,IE,CBS
587,5,10000000000,100000000000.0,USD,IE,CBS
588,6,100000000000,inf,USD,IE,CBS
589,1,0,10000000.0,USD,IL,CBS
590,2,10000000,100000000.0,USD,IL,CBS
591,3,100000000,1000000000.0,USD,IL,CBS
592,4,1000000000,10000000000.0,USD,IL,CBS
593,5,10000000000,100000000000.0,USD,IL,CBS
594,6,100000000000,inf,USD,IL,CBS
595,1,0,10000000.0,USD,IM,CBS
596,2,10000000,100000000.0,USD,IM,CBS
597,3,100000000,1000000000.0,USD,IM,CBS
598,4,1000000000,10000000000.0,USD,IM,CBS
599,5,10000000000,100000000000.0,USD,IM,CBS
600,6,100000000000,inf,USD,IM,CBS
601,1,0,10000000.0,USD,IN,CBS
602,2,10000000,100000000.0,USD,IN,CBS
603,3,100000000,1000000000.0,USD,IN,CBS
604,4,1000000000,10000000000.0,USD,IN,CBS
605,5,10000000000,100000000000.0,USD,IN,CBS
606,6,100000000000,inf,USD,IN,CBS
607,1,0,10000000.0,USD,IO,CBS
608,2,10000000,100000000.0,USD,IO,CBS
609,3,100000000,1000000000.0,USD,IO,CBS
610,4,1000000000,10000000000.0,USD,IO,CBS
611,5,10000000000,100000000000.0,USD,IO,CBS
612,6,100000000000,inf,USD,IO,CBS
613,1,0,10000000.0,USD,IQ,CBS
614,2,10000000,100000000.0,USD,IQ,CBS
615,3,100000000,1000000000.0,USD,IQ,CBS
616,4,1000000000,10000000000.0,USD,IQ,CBS
617,5,10000000000,100000000000.0,USD,IQ,CBS
618,6,100000000000,inf,USD,IQ,CBS
619,1,0,10000000.0,USD,IR,CBS
620,2,10000000,100000000.0,USD,IR,CBS
621,3,100000000,1000000000.0,USD,IR,CBS
622,4,1000000000,10000000000.0,USD,IR,CBS
623,5,10000000000,100000000000.0,USD,IR,CBS
624,6,100000000000,inf,USD,IR,CBS
625,1,0,10000000.0,USD,IS,CBS
626,2,10000000,100000000.0,USD,IS,CBS
627,3,100000000,1000000000.0,USD,IS,CBS
628,4,1000000000,10000000000.0,USD,IS,CBS
629,5,10000000000,100000000000.0,USD,IS,CBS
630,6,100000000000,inf,USD,IS,CBS
631,1,0,10000000.0,USD,IT,CBS
632,2,10000000,100000000.0,USD,IT,CBS
633,3,100000000,1000000000.0,USD,IT,CBS
634,4,1000000000,10000000000.0,USD,IT,CBS
635,5,10000000000,100000000000.0,USD,IT,CBS
636,6,100000000000,inf,USD,IT,CBS
637,1,0,10000000.0,USD,JE,CBS
638,2,10000000,100000000.0,USD,JE,CBS
639,3,100000000,1000000000.0,USD,JE,CBS
640,4,1000000000,10000000000.0,USD,JE,CBS
641,5,10000000000,100000000000.0,USD,JE,CBS
642,6,100000000000,inf,USD,JE,CBS
643,1,0,10000000.0,USD,JM,CBS
644,2,10000000,100000000.0,USD,JM,CBS
645,3,100000000,1000000000.0,USD,JM,CBS
646,4,1000000000,10000000000.0,USD,JM,CBS
647,5,10000000000,100000000000.0,USD,JM,CBS
648,6,100000000000,inf,USD,JM,CBS
649,1,0,10000000.0,USD,JO,CBS
650,2,10000000,100000000.0,USD,JO,CBS
651,3,100000000,1000000000.0,USD,JO,CBS
652,4,1000000000,10000000000.0,USD,JO,CBS
653,5,10000000000,100000000000.0,USD,JO,CBS
654,6,100000000000,inf,USD,JO,CBS
655,1,0,10000000.0,USD,JP,CBS
656,2,10000000,100000000.0,USD,JP,CBS
657,3,100000000,1000000000.0,USD,JP,CBS
658,4,1000000000,10000000000.0,USD,JP,CBS
659,5,10000000000,100000000000.0,USD,JP,CBS
660,6,100000000000,inf,USD,JP,CBS
661,1,0,10000000.0,USD,KE,CBS
662,2,10000000,100000000.0,USD,KE,CBS
663,3,100000000,1000000000.0,USD,KE,CBS
664,4,1000000000,10000000000.0,USD,KE,CBS
665,5,10000000000,100000000000.0,USD,KE,CBS
666,6,100000000000,inf,USD,KE,CBS
667,1,0,10000000.0,USD,KG,CBS
668,2,10000000,100000000.0,USD,KG,CBS
669,3,100000000,1000000000.0,USD,KG,CBS
670,4,1000000000,10000000000.0,USD,KG,CBS
671,5,10000000000,100000000000.0,USD,KG,CBS
672,6,100000000000,inf,USD,KG,CBS
673,1,0,10000000.0,USD,KH,CBS
674,2,10000000,100000000.0,USD,KH,CBS
675,3,100000000,1000000000.0,USD,KH,CBS
676,4,1000000000,10000000000.0,USD,KH,CBS
677,5,10000000000,100000000000.0,USD,KH,CBS
678,6,100000000000,inf,USD,KH,CBS
679,1,0,10000000.0,USD,KI,CBS
680,2,10000000,100000000.0,USD,KI,CBS
681,3,100000000,1000000000.0,USD,KI,CBS
682,4,1000000000,10000000000.0,USD,KI,CBS
683,5,10000000000,100000000000.0,USD,KI,CBS
684,6,100000000000,inf,USD,KI,CBS
685,1,0,10000000.0,USD,KM,CBS
686,2,10000000,100000000.0,USD,KM,CBS
687,3,100000000,1000000000.0,USD,KM,CBS
688,4,1000000000,10000000000.0,USD,KM,CBS
689,5,10000000000,100000000000.0,USD,KM,CBS
690,6,100000000000,inf,USD,KM,CBS
691,1,0,10000000.0,USD,KN,CBS
692,2,10000000,100000000.0,USD,KN,CBS
693,3,100000000,1000000000.0,USD,KN,CBS
694,4,1000000000,10000000000.0,USD,KN,CBS
695,5,10000000000,100000000000.0,USD,KN,CBS
696,6,100000000000,inf,USD,KN,CBS
697,1,0,10000000.0,USD,KP,CBS
698,2,10000000,100000000.0,USD,KP,CBS
699,3,100000000,1000000000.0,USD,KP,CBS
700,4,1000000000,10000000000.0,USD,KP,CBS
701,5,10000000000,100000000000.0,USD,KP,CBS
702,6,100000000000,inf,USD,KP,CBS
703,1,0,10000000.0,USD,KR,CBS
704,2,10000000,100000000.0,USD,KR,CBS
705,3,100000000,1000000000.0,USD,KR,CBS
706,4,1000000000,10000000000.0,USD,KR,CBS
707,5,10000000000,100000000000.0,USD,KR,CBS
708,6,100000000000,inf,USD,KR,CBS
709,1,0,10000000.0,USD,KW,CBS
710,2,10000000,100000000.0,USD,KW,CBS
711,3,100000000,1000000000.0,USD,KW,CBS
712,4,1000000000,10000000000.0,USD,KW,CBS
713,5,10000000000,100000000000.0,USD,KW,CBS
714,6,100000000000,inf,USD,KW,CBS
715,1,0,10000000.0,USD,KY,CBS
716,2,10000000,100000000.0,USD,KY,CBS
717,3,100000000,1000000000.0,USD,KY,CBS
718,4,1000000000,10000000000.0,USD,KY,CBS
719,5,10000000000,100000000000.0,USD,KY,CBS
720,6,100000000000,inf,USD,KY,CBS
721,1,0,10000000.0,USD,KZ,CBS
722,2,10000000,100000000.0,USD,KZ,CBS
723,3,100000000,1000000000.0,USD,KZ,CBS
724,4,1000000000,10000000000.0,USD,KZ,CBS
725,5,10000000000,100000000000.0,USD,KZ,CBS
726,6,100000000000,inf,USD,KZ,CBS
727,1,0,10000000.0,USD,LA,CBS
728,2,10000000,100000000.0,USD,LA,CBS
729,3,100000000,1000000000.0,USD,LA,CBS
730,4,1000000000,10000000000.0,USD,LA,CBS
731,5,10000000000,100000000000.0,USD,LA,CBS
732,6,100000000000,inf,USD,LA,CBS
733,1,0,10000000.0,USD,LB,CBS
734,2,10000000,100000000.0,USD,LB,CBS
735,3,100000000,1000000000.0,USD,LB,CBS
736,4,1000000000,10000000000.0,USD,LB,CBS
737,5,10000000000,100000000000.0,USD,LB,CBS
738,6,100000000000,inf,USD,LB,CBS
739,1,0,10000000.0,USD,LC,CBS
740,2,10000000,100000000.0,USD,LC,CBS
741,3,100000000,1000000000.0,USD,LC,CBS
742,4,1000000000,10000000000.0,USD,LC,CBS
743,5,10000000000,100000000000.0,USD,LC,CBS
744,6,100000000000,inf,USD,LC,CBS
745,1,0,10000000.0,USD,LI,CBS
746,2,10000000,100000000.0,USD,LI,CBS
747,3,100000000,1000000000.0,USD,LI,CBS
748,4,1000000000,10000000000.0,USD,LI,CBS
749,5,10000000000,100000000000.0,USD,LI,CBS
750,6,100000000000,inf,USD,LI,CBS
751,1,0,10000000.0,USD,LK,CBS
752,2,10000000,100000000.0,USD,LK,CBS
753,3,100000000,1000000000.0,USD,LK,CBS
754,4,1000000000,10000000000.0,USD,LK,CBS
755,5,10000000000,100000000000.0,USD,LK,CBS
756,6,100000000000,inf,USD,LK,CBS
757,1,0,10000000.0,USD,LR,CBS
758,2,10000000,100000000.0,USD,LR,CBS
759,3,100000000,1000000000.0,USD,LR,CBS
760,4,1000000000,10000000000.0,USD,LR,CBS
761,5,10000000000,100000000000.0,USD,LR,CBS
762,6,100000000000,inf,USD,LR,CBS
763,1,0,10000000.0,USD,LS,CBS
764,2,10000000,100000000.0,USD,LS,CBS
765,3,100000000,1000000000.0,USD,LS,CBS
766,4,1000000000,10000000000.0,USD,LS,CBS
767,5,10000000000,100000000000.0,USD,LS,CBS
768,6,100000000000,inf,USD,LS,CBS
769,1,0,10000000.0,USD,LT,CBS
770,2,10000000,100000000.0,USD,LT,CBS
771,3,100000000,1000000000.0,USD,LT,CBS
772,4,1000000000,10000000000.0,USD,LT,CBS
773,5,10000000000,100000000000.0,USD,LT,CBS
774,6,100000000000,inf,USD,LT,CBS
775,1,0,10000000.0,USD,LU,CBS
776,2,10000000,100000000.0,USD,LU,CBS
777,3,100000000,1000000000.0,USD,LU,CBS
778,4,1000000000,10000000000.0,USD,LU,CBS
779,5,10000000000,100000000000.0,USD,LU,CBS
780,6,100000000000,inf,USD,LU,CBS
781,1,0,10000000.0,USD,LV,CBS
782,2,10000000,100000000.0,USD,LV,CBS
783,3,100000000,1000000000.0,USD,LV,CBS
784,4,1000000000,10000000000.0,USD,LV,CBS
785,5,10000000000,100000000000.0,USD,LV,CBS
786,6,100000000000,inf,USD,LV,CBS
787,1,0,10000000.0,USD,LY,CBS
788,2,10000000,100000000.0,USD,LY,CBS
789,3,100000000,1000000000.0,USD,LY,CBS
790,4,1000000000,10000000000.0,USD,LY,CBS
791,5,10000000000,100000000000.0,USD,LY,CBS
792,6,100000000000,inf,USD,LY,CBS
793,1,0,10000000.0,USD,MA,CBS
794,2,10000000,100000000.0,USD,MA,CBS
795,3,100000000,1000000000.0,USD,MA,CBS
796,4,1000000000,10000000000.0,USD,MA,CBS
797,5,10000000000,100000000000.0,USD,MA,CBS
798,6,100000000000,inf,USD,MA,CBS
799,1,0,10000000.0,USD,MC,CBS
800,2,10000000,100000000.0,USD,MC,CBS
801,3,100000000,1000000000.0,USD,MC,CBS
802,4,1000000000,10000000000.0,USD,MC,CBS
803,5,10000000000,100000000000.0,USD,MC,CBS
804,6,100000000000,inf,USD,MC,CBS
805,1,0,10000000.0,USD,MD,CBS
806,2,10000000,100000000.0,USD,MD,CBS
807,3,100000000,1000000000.0,USD,MD,CBS
808,4,1000000000,10000000000.0,USD,MD,CBS
809,5,10000000000,100000000000.0,USD,MD,CBS
810,6,100000000000,inf,USD,MD,CBS
811,1,0,10000000.0,USD,ME,CBS
812,2,10000000,100000000.0,USD,ME,CBS
813,3,100000000,1000000000.0,USD,ME,CBS
814,4,1000000000,10000000000.0,USD,ME,CBS
815,5,10000000000,100000000000.0,USD,ME,CBS
816,6,100000000000,inf,USD,ME,CBS
817,1,0,10000000.0,USD,MF,CBS
818,2,10000000,100000000.0,USD,MF,CBS
819,3,100000000,1000000000.0,USD,MF,CBS
820,4,1000000000,10000000000.0,USD,MF,CBS
821,5,10000000000,100000000000.0,USD,MF,CBS
822,6,100000000000,inf,USD,MF,CBS
823,1,0,10000000.0,USD,MG,CBS
824,2,10000000,100000000.0,USD,MG,CBS
825,3,100000000,1000000000.0,USD,MG,CBS
826,4,1000000000,10000000000.0,USD,MG,CBS
827,5,10000000000,100000000000.0,USD,MG,CBS
828,6,100000000000,inf,USD,MG,CBS
829,1,0,10000000.0,USD,MH,CBS
830,2,10000000,100000000.0,USD,MH,CBS
831,3,100000000,1000000000.0,USD,MH,CBS
832,4,1000000000,10000000000.0,USD,MH,CBS
833,5,10000000000,100000000000.0,USD,MH,CBS
834,6,100000000000,inf,USD,MH,CBS
835,1,0,10000000.0,USD,MK,CBS
836,2,10000000,100000000.0,USD,MK,CBS
837,3,100000000,1000000000.0,USD,MK,CBS
838,4,1000000000,10000000000.0,USD,MK,CBS
839,5,10000000000,100000000000.0,USD,MK,CBS
840,6,100000000000,inf,USD,MK,CBS
841,1,0,10000000.0,USD,ML,CBS
842,2,10000000,100000000.0,USD,ML,CBS
843,3,100000000,1000000000.0,USD,ML,CBS
844,4,1000000000,10000000000.0,USD,ML,CBS
845,5,10000000000,100000000000.0,USD,ML,CBS
846,6,100000000000,inf,USD,ML,CBS
847,1,0,10000000.0,USD,MM,CBS
848,2,10000000,100000000.0,USD,MM,CBS
849,3,100000000,1000000000.0,USD,MM,CBS
850,4,1000000000,10000000000.0,USD,MM,CBS
851,5,10000000000,100000000000.0,USD,MM,CBS
852,6,100000000000,inf,USD,MM,CBS
853,1,0,10000000.0,USD,MN,CBS
854,2,10000000,100000000.0,USD,MN,CBS
855,3,100000000,1000000000.0,USD,MN,CBS
856,4,1000000000,10000000000.0,USD,MN,CBS
857,5,10000000000,100000000000.0,USD,MN,CBS
858,6,100000000000,inf,USD,MN,CBS
859,1,0,10000000.0,USD,MO,CBS
860,2,10000000,100000000.0,USD,MO,CBS
861,3,100000000,1000000000.0,USD,MO,CBS
862,4,1000000000,10000000000.0,USD,MO,CBS
863,5,10000000000,100000000000.0,USD,MO,CBS
864,6,100000000000,inf,USD,MO,CBS
865,1,0,10000000.0,USD,MP,CBS
866,2,10000000,100000000.0,USD,MP,CBS
867,3,100000000,1000000000.0,USD,MP,CBS
868,4,1000000000,10000000000.0,USD,MP,CBS
869,5,10000000000,100000000000.0,USD,MP,CBS
870,6,100000000000,inf,USD,MP,CBS
871,1,0,10000000.0,USD,MQ,CBS
872,2,10000000,100000000.0,USD,MQ,CBS
873,3,100000000,1000000000.0,USD,MQ,CBS
874,4,1000000000,10000000000.0,USD,MQ,CBS
875,5,10000000000,100000000000.0,USD,MQ,CBS
876,6,100000000000,inf,USD,MQ,CBS
877,1,0,10000000.0,USD,MR,CBS
878,2,10000000,100000000.0,USD,MR,CBS
879,3,100000000,1000000000.0,USD,MR,CBS
880,4,1000000000,10000000000.0,USD,MR,CBS
881,5,10000000000,100000000000.0,USD,MR,CBS
882,6,100000000000,inf,USD,MR,CBS
883,1,0,10000000.0,USD,MS,CBS
884,2,10000000,100000000.0,USD,MS,CBS
885,3,100000000,1000000000.0,USD,MS,CBS
886,4,1000000000,10000000000.0,USD,MS,CBS
887,5,10000000000,100000000000.0,USD,MS,CBS
888,6,100000000000,inf,USD,MS,CBS
889,1,0,10000000.0,USD,MT,CBS
890,2,10000000,100000000.0,USD,MT,CBS
891,3,100000000,1000000000.0,USD,MT,CBS
892,4,1000000000,10000000000.0,USD,MT,CBS
893,5,10000000000,100000000000.0,USD,MT,CBS
894,6,100000000000,inf,USD,MT,CBS
895,1,0,10000000.0,USD,MU,CBS
896,2,10000000,100000000.0,USD,MU,CBS
897,3,100000000,1000000000.0,USD,MU,CBS
898,4,1000000000,10000000000.0,USD,MU,CBS
899,5,10000000000,100000000000.0,USD,MU,CBS
900,6,100000000000,inf,USD,MU,CBS
901,1,0,10000000.0,USD,MV,CBS
902,2,10000000,100000000.0,USD,MV,CBS
903,3,100000000,1000000000.0,USD,MV,CBS
904,4,1000000000,10000000000.0,USD,MV,CBS
905,5,10000000000,100000000000.0,USD,MV,CBS
906,6,100000000000,inf,USD,MV,CBS
907,1,0,10000000.0,USD,MW,CBS
908,2,10000000,100000000.0,USD,MW,CBS
909,3,100000000,1000000000.0,USD,MW,CBS
910,4,1000000000,10000000000.0,USD,MW,CBS
911,5,10000000000,100000000000.0,USD,MW,CBS
912,6,100000000000,inf,USD,MW,CBS
913,1,0,10000000.0,USD,MX,CBS
914,2,10000000,100000000.0,USD,MX,CBS
915,3,100000000,1000000000.0,USD,MX,CBS
916,4,1000000000,10000000000.0,USD,MX,CBS
917,5,10000000000,100000000000.0,USD,MX,CBS
918,6,100000000000,inf,USD,MX,CBS
919,1,0,10000000.0,USD,MY,CBS
920,2,10000000,100000000.0,USD,MY,CBS
921,3,100000000,1000000000.0,USD,MY,CBS
922,4,1000000000,10000000000.0,USD,MY,CBS
923,5,10000000000,100000000000.0,USD,MY,CBS
924,6,100000000000,inf,USD,MY,CBS
925,1,0,10000000.0,USD,MZ,CBS
926,2,10000000,100000000.0,USD,MZ,CBS
927,3,100000000,1000000000.0,USD,MZ,CBS
928,4,1000000000,10000000000.0,USD,MZ,CBS
929,5,10000000000,100000000000.0,USD,MZ,CBS
930,6,100000000000,inf,USD,MZ,CBS
931,1,0,10000000.0,USD,NA,CBS
932,2,10000000,100000000.0,USD,NA,CBS
933,3,100000000,1000000000.0,USD,NA,CBS
934,4,1000000000,10000000000.0,USD,NA,CBS
935,5,10000000000,100000000000.0,USD,NA,CBS
936,6,100000000000,inf,USD,NA,CBS
937,1,0,10000000.0,USD,NC,CBS
938,2,10000000,100000000.0,USD,NC,CBS
939,3,100000000,1000000000.0,USD,NC,CBS
940,4,1000000000,10000000000.0,USD,NC,CBS
941,5,10000000000,100000000000.0,USD,NC,CBS
942,6,100000000000,inf,USD,NC,CBS
943,1,0,10000000.0,USD,NE,CBS
944,2,10000000,100000000.0,USD,NE,CBS
945,3,100000000,1000000000.0,USD,NE,CBS
946,4,1000000000,10000000000.0,USD,NE,CBS
947,5,10000000000,100000000000.0,USD,NE,CBS
948,6,100000000000,inf,USD,NE,CBS
949,1,0,10000000.0,USD,NF,CBS
950,2,10000000,100000000.0,USD,NF,CBS
951,3,100000000,1000000000.0,USD,NF,CBS
952,4,1000000000,10000000000.0,USD,NF,CBS
953,5,10000000000,100000000000.0,USD,NF,CBS
954,6,100000000000,inf,USD,NF,CBS
955,1,0,10000000.0,USD,NG,CBS
956,2,10000000,100000000.0,USD,NG,CBS
957,3,100000000,1000000000.0,USD,NG,CBS
958,4,1000000000,10000000000.0,USD,NG,CBS
959,5,10000000000,100000000000.0,USD,NG,CBS
960,6,100000000000,inf,USD,NG,CBS
961,1,0,10000000.0,USD,NI,CBS
962,2,10000000,100000000.0,USD,NI,CBS
963,3,100000000,1000000000.0,USD,NI,CBS
964,4,1000000000,10000000000.0,USD,NI,CBS
965,5,10000000000,100000000000.0,USD,NI,CBS
966,6,100000000000,inf,USD,NI,CBS
967,1,0,10000000.0,USD,NL,CBS
968,2,10000000,100000000.0,USD,NL,CBS
969,3,100000000,1000000000.0,USD,NL,CBS
970,4,1000000000,10000000000.0,USD,NL,CBS
971,5,10000000000,100000000000.0,USD,NL,CBS
972,6,100000000000,inf,USD,NL,CBS
973,1,0,10000000.0,USD,NO,CBS
974,2,10000000,100000000.0,USD,NO,CBS
975,3,100000000,1000000000.0,USD,NO,CBS
976,4,1000000000,10000000000.0,USD,NO,CBS
977,5,10000000000,100000000000.0,USD,NO,CBS
978,6,100000000000,inf,USD,NO,CBS
979,1,0,10000000.0,USD,NP,CBS
980,2,10000000,100000000.0,USD,NP,CBS
981,3,100000000,1000000000.0,USD,NP,CBS
982,4,1000000000,10000000000.0,USD,NP,CBS
983,5,10000000000,100000000000.0,USD,NP,CBS
984,6,100000000000,inf,USD,NP,CBS
985,1,0,10000000.0,USD,NR,CBS
986,2,10000000,100000000.0,USD,NR,CBS
987,3,100000000,1000000000.0,USD,NR,CBS
988,4,1000000000,10000000000.0,USD,NR,CBS
989,5,10000000000,100000000000.0,USD,NR,CBS
990,6,100000000000,inf,USD,NR,CBS
991,1,0,10000000.0,USD,NU,CBS
992,2,10000000,100000000.0,USD,NU,CBS
993,3,100000000,1000000000.0,USD,NU,CBS
994,4,1000000000,10000000000.0,USD,NU,CBS
995,5,10000000000,100000000000.0,USD,NU,CBS
996,6,100000000000,inf,USD,NU,CBS
997,1,0,10000000.0,USD,NZ,CBS
998,2,10000000,100000000.0,USD,NZ,CBS
999,3,100000000,1000000000.0,USD,NZ,CBS
1000,4,1000000000,10000000000.0,USD,NZ,CBS
1001,5,10000000000,100000000000.0,USD,NZ,CBS
1002,6,100000000000,inf,USD,NZ,CBS
1003,1,0,10000000.0,USD,OM,CBS
1004,2,10000000,100000000.0,USD,OM,CBS
1005,3,100000000,1000000000.0,USD,OM,CBS
1006,4,1000000000,10000000000.0,USD,OM,CBS
1007,5,10000000000,100000000000.0,USD,OM,CBS
1008,6,100000000000,inf,USD,OM,CBS
1009,1,0,10000000.0,USD,PA,CBS
1010,2,10000000,100000000.0,USD,PA,CBS
1011,3,100000000,1000000000.0,USD,PA,CBS
1012,4,1000000000,10000000000.0,USD,PA,CBS
1013,5,10000000000,100000000000.0,USD,PA,CBS
1014,6,100000000000,inf,USD,PA,CBS
1015,1,0,10000000.0,USD,PE,CBS
1016,2,10000000,100000000.0,USD,PE,CBS
1017,3,100000000,1000000000.0,USD,PE,CBS
1018,4,1000000000,10000000000.0,USD,PE,CBS
1019,5,10000000000,100000000000.0,USD,PE,CBS
1020,6,100000000000,inf,USD,PE,CBS
1021,1,0,10000000.0,USD,PF,CBS
1022,2,10000000,100000000.0,USD,PF,CBS
1023,3,100000000,1000000000.0,USD,PF,CBS
1024,4,1000000000,10000000000.0,USD,PF,CBS
1025,5,10000000000,100000000000.0,USD,PF,CBS
1026,6,100000000000,inf,USD,PF,CBS
1027,1,0,10000000.0,USD,PG,CBS
1028,2,10000000,100000000.0,USD,PG,CBS
1029,3,100000000,1000000000.0,USD,PG,CBS
1030,4,1000000000,10000000000.0,USD,PG,CBS
1031,5,10000000000,100000000000.0,USD,PG,CBS
1032,6,100000000000,inf,USD,PG,CBS
1033,1,0,10000000.0,USD,PH,CBS
1034,2,10000000,100000000.0,USD,PH,CBS
1035,3,100000000,1000000000.0,USD,PH,CBS
1036,4,1000000000,10000000000.0,USD,PH,CBS
1037,5,10000000000,100000000000.0,USD,PH,CBS
1038,6,100000000000,inf,USD,PH,CBS
1039,1,0,10000000.0,USD,PK,CBS
1040,2,10000000,100000000.0,USD,PK,CBS
1041,3,100000000,1000000000.0,USD,PK,CBS
1042,4,1000000000,10000000000.0,USD,PK,CBS
1043,5,10000000000,100000000000.0,USD,PK,CBS
1044,6,100000000000,inf,USD,PK,CBS
1045,1,0,10000000.0,USD,PL,CBS
1046,2,10000000,100000000.0,USD,PL,CBS
1047,3,100000000,1000000000.0,USD,PL,CBS
1048,4,1000000000,10000000000.0,USD,PL,CBS
1049,5,10000000000,100000000000.0,USD,PL,CBS
1050,6,100000000000,inf,USD,PL,CBS
1051,1,0,10000000.0,USD,PM,CBS
1052,2,10000000,100000000.0,USD,PM,CBS
1053,3,100000000,1000000000.0,USD,PM,CBS
1054,4,1000000000,10000000000.0,USD,PM,CBS
1055,5,10000000000,100000000000.0,USD,PM,CBS
1056,6,100000000000,inf,USD,PM,CBS
1057,1,0,10000000.0,USD,PN,CBS
1058,2,10000000,100000000.0,USD,PN,CBS
1059,3,100000000,1000000000.0,USD,PN,CBS
1060,4,1000000000,10000000000.0,USD,PN,CBS
1061,5,10000000000,100000000000.0,USD,PN,CBS
1062,6,100000000000,inf,USD,PN,CBS
1063,1,0,10000000.0,USD,PR,CBS
1064,2,10000000,100000000.0,USD,PR,CBS
1065,3,100000000,1000000000.0,USD,PR,CBS
1066,4,1000000000,10000000000.0,USD,PR,CBS
1067,5,10000000000,100000000000.0,USD,PR,CBS
1068,6,100000000000,inf,USD,PR,CBS
1069,1,0,10000000.0,USD,PT,CBS
1070,2,10000000,100000000.0,USD,PT,CBS
1071,3,100000000,1000000000.0,USD,PT,CBS
1072,4,1000000000,10000000000.0,USD,PT,CBS
1073,5,10000000000,100000000000.0,USD,PT,CBS
1074,6,100000000000,inf,USD,PT,CBS
1075,1,0,10000000.0,USD,PW,CBS
1076,2,10000000,100000000.0,USD,PW,CBS
1077,3,100000000,1000000000.0,USD,PW,CBS
1078,4,1000000000,10000000000.0,USD,PW,CBS
1079,5,10000000000,100000000000.0,USD,PW,CBS
1080,6,100000000000,inf,USD,PW,CBS
1081,1,0,10000000.0,USD,PY,CBS
1082,2,10000000,100000000.0,USD,PY,CBS
1083,3,100000000,1000000000.0,USD,PY,CBS
1084,4,1000000000,10000000000.0,USD,PY,CBS
1085,5,10000000000,100000000000.0,USD,PY,CBS
1086,6,100000000000,inf,USD,PY,CBS
1087,1,0,10000000.0,USD,QA,CBS
1088,2,10000000,100000000.0,USD,QA,CBS
1089,3,100000000,1000000000.0,USD,QA,CBS
1090,4,1000000000,10000000000.0,USD,QA,CBS
1091,5,10000000000,100000000000.0,USD,QA,CBS
1092,6,100000000000,inf,USD,QA,CBS
1093,1,0,10000000.0,USD,RE,CBS
1094,2,10000000,100000000.0,USD,RE,CBS
1095,3,100000000,1000000000.0,USD,RE,CBS
1096,4,1000000000,10000000000.0,USD,RE,CBS
1097,5,10000000000,100000000000.0,USD,RE,CBS
1098,6,100000000000,inf,USD,RE,CBS
1099,1,0,10000000.0,USD,RO,CBS
1100,2,10000000,100000000.0,USD,RO,CBS
1101,3,100000000,1000000000.0,USD,RO,CBS
1102,4,1000000000,10000000000.0,USD,RO,CBS
1103,5,10000000000,100000000000.0,USD,RO,CBS
1104,6,100000000000,inf,USD,RO,CBS
1105,1,0,10000000.0,USD,RS,CBS
1106,2,10000000,100000000.0,USD,RS,CBS
1107,3,100000000,1000000000.0,USD,RS,CBS
1108,4,1000000000,10000000000.0,USD,RS,CBS
1109,5,10000000000,100000000000.0,USD,RS,CBS
1110,6,100000000000,inf,USD,RS,CBS
1111,1,0,10000000.0,USD,RU,CBS
1112,2,10000000,100000000.0,USD,RU,CBS
1113,3,100000000,1000000000.0,USD,RU,CBS
1114,4,1000000000,10000000000.0,USD,RU,CBS
1115,5,10000000000,100000000000.0,USD,RU,CBS
1116,6,100000000000,inf,USD,RU,CBS
1117,1,0,10000000.0,USD,RW,CBS
1118,2,10000000,100000000.0,USD,RW,CBS
1119,3,100000000,1000000000.0,USD,RW,CBS
1120,4,1000000000,10000000000.0,USD,RW,CBS
1121,5,10000000000,100000000000.0,USD,RW,CBS
1122,6,100000000000,inf,USD,RW,CBS
1123,1,0,10000000.0,USD,SA,CBS
1124,2,10000000,100000000.0,USD,SA,CBS
1125,3,100000000,1000000000.0,USD,SA,CBS
1126,4,1000000000,10000000000.0,USD,SA,CBS
1127,5,10000000000,100000000000.0,USD,SA,CBS
1128,6,100000000000,inf,USD,SA,CBS
1129,1,0,10000000.0,USD,SB,CBS
1130,2,10000000,100000000.0,USD,SB,CBS
1131,3,100000000,1000000000.0,USD,SB,CBS
1132,4,1000000000,10000000000.0,USD,SB,CBS
1133,5,10000000000,100000000000.0,USD,SB,CBS
1134,6,100000000000,inf,USD,SB,CBS
1135,1,0,10000000.0,USD,SC,CBS
1136,2,10000000,100000000.0,USD,SC,CBS
1137,3,100000000,1000000000.0,USD,SC,CBS
1138,4,1000000000,10000000000.0,USD,SC,CBS
1139,5,10000000000,100000000000.0,USD,SC,CBS
1140,6,100000000000,inf,USD,SC,CBS
1141,1,0,10000000.0,USD,SD,CBS
1142,2,10000000,100000000.0,USD,SD,CBS
1143,3,100000000,1000000000.0,USD,SD,CBS
1144,4,1000000000,10000000000.0,USD,SD,CBS
1145,5,10000000000,100000000000.0,USD,SD,CBS
1146,6,100000000000,inf,USD,SD,CBS
1147,1,0,10000000.0,USD,SE,CBS
1148,2,10000000,100000000.0,USD,SE,CBS
1149,3,100000000,1000000000.0,USD,SE,CBS
1150,4,1000000000,10000000000.0,USD,SE,CBS
1151,5,10000000000,100000000000.0,USD,SE,CBS
1152,6,100000000000,inf,USD,SE,CBS
1153,1,0,10000000.0,USD,SG,CBS
1154,2,10000000,100000000.0,USD,SG,CBS
1155,3,100000000,1000000000.0,USD,SG,CBS
1156,4,1000000000,10000000000.0,USD,SG,CBS
1157,5,10000000000,100000000000.0,USD,SG,CBS
1158,6,100000000000,inf,USD,SG,CBS
1159,1,0,10000000.0,USD,SH,CBS
1160,2,10000000,100000000.0,USD,SH,CBS
1161,3,100000000,1000000000.0,USD,SH,CBS
1162,4,1000000000,10000000000.0,USD,SH,CBS
1163,5,10000000000,100000000000.0,USD,SH,CBS
1164,6,100000000000,inf,USD,SH,CBS
1165,1,0,10000000.0,USD,SI,CBS
1166,2,10000000,100000000.0,USD,SI,CBS
1167,3,100000000,1000000000.0,USD,SI,CBS
1168,4,1000000000,10000000000.0,USD,SI,CBS
1169,5,10000000000,100000000000.0,USD,SI,CBS
1170,6,100000000000,inf,USD,SI,CBS
1171,1,0,10000000.0,USD,SJ,CBS
1172,2,10000000,100000000.0,USD,SJ,CBS
1173,3,100000000,1000000000.0,USD,SJ,CBS
1174,4,1000000000,10000000000.0,USD,SJ,CBS
1175,5,10000000000,100000000000.0,USD,SJ,CBS
1176,6,100000000000,inf,USD,SJ,CBS
1177,1,0,10000000.0,USD,SK,CBS
1178,2,10000000,100000000.0,USD,SK,CBS
1179,3,100000000,1000000000.0,USD,SK,CBS
1180,4,1000000000,10000000000.0,USD,SK,CBS
1181,5,10000000000,100000000000.0,USD,SK,CBS
1182,6,100000000000,inf,USD,SK,CBS
1183,1,0,10000000.0,USD,SL,CBS
1184,2,10000000,100000000.0,USD,SL,CBS
1185,3,100000000,1000000000.0,USD,SL,CBS
1186,4,1000000000,10000000000.0,USD,SL,CBS
1187,5,10000000000,100000000000.0,USD,SL,CBS
1188,6,100000000000,inf,USD,SL,CBS
1189,1,0,10000000.0,USD,SM,CBS
1190,2,10000000,100000000.0,USD,SM,CBS
1191,3,100000000,1000000000.0,USD,SM,CBS
1192,4,1000000000,10000000000.0,USD,SM,CBS
1193,5,10000000000,100000000000.0,USD,SM,CBS
1194,6,100000000000,inf,USD,SM,CBS
1195,1,0,10000000.0,USD,SN,CBS
1196,2,10000000,100000000.0,USD,SN,CBS
1197,3,100000000,1000000000.0,USD,SN,CBS
1198,4,1000000000,10000000000.0,USD,SN,CBS
1199,5,10000000000,100000000000.0,USD,SN,CBS
1200,6,100000000000,inf,USD,SN,CBS
1201,1,0,10000000.0,USD,SO,CBS
1202,2,10000000,100000000.0,USD,SO,CBS
1203,3,100000000,1000000000.0,USD,SO,CBS
1204,4,1000000000,10000000000.0,USD,SO,CBS
1205,5,10000000000,100000000000.0,USD,SO,CBS
1206,6,100000000000,inf,USD,SO,CBS
1207,1,0,10000000.0,USD,SR,CBS
1208,2,10000000,100000000.0,USD,SR,CBS
1209,3,100000000,1000000000.0,USD,SR,CBS
1210,4,1000000000,10000000000.0,USD,SR,CBS
1211,5,10000000000,100000000000.0,USD,SR,CBS
1212,6,100000000000,inf,USD,SR,CBS
1213,1,0,10000000.0,USD,SS,CBS
1214,2,10000000,100000000.0,USD,SS,CBS
1215,3,100000000,1000000000.0,USD,SS,CBS
1216,4,1000000000,10000000000.0,USD,SS,CBS
1217,5,10000000000,100000000000.0,USD,SS,CBS
1218,6,100000000000,inf,USD,SS,CBS
1219,1,0,10000000.0,USD,ST,CBS
1220,2,10000000,100000000.0,USD,ST,CBS
1221,3,100000000,1000000000.0,USD,ST,CBS
1222,4,1000000000,10000000000.0,USD,ST,CBS
1223,5,10000000000,100000000000.0,USD,ST,CBS
1224,6,100000000000,inf,USD,ST,CBS
1225,1,0,10000000.0,USD,SV,CBS
1226,2,10000000,100000000.0,USD,SV,CBS
1227,3,100000000,1000000000.0,USD,SV,CBS
1228,4,1000000000,10000000000.0,USD,SV,CBS
1229,5,10000000000,100000000000.0,USD,SV,CBS
1230,6,100000000000,inf,USD,SV,CBS
1231,1,0,10000000.0,USD,SX,CBS
1232,2,10000000,100000000.0,USD,SX,CBS
1233,3,100000000,1000000000.0,USD,SX,CBS
1234,4,1000000000,10000000000.0,USD,SX,CBS
1235,5,10000000000,100000000000.0,USD,SX,CBS
1236,6,100000000000,inf,USD,SX,CBS
1237,1,0,10000000.0,USD,SY,CBS
1238,2,10000000,100000000.0,USD,SY,CBS
1239,3,100000000,1000000000.0,USD,SY,CBS
1240,4,1000000000,10000000000.0,USD,SY,CBS
1241,5,10000000000,100000000000.0,USD,SY,CBS
1242,6,100000000000,inf,USD,SY,CBS
1243,1,0,10000000.0,USD,SZ,CBS
1244,2,10000000,100000000.0,USD,SZ,CBS
1245,3,100000000,1000000000.0,USD,SZ,CBS
1246,4,1000000000,10000000000.0,USD,SZ,CBS
1247,5,10000000000,100000000000.0,USD,SZ,CBS
1248,6,100000000000,inf,USD,SZ,CBS
1249,1,0,10000000.0,USD,TC,CBS
1250,2,10000000,100000000.0,USD,TC,CBS
1251,3,100000000,1000000000.0,USD,TC,CBS
1252,4,1000000000,10000000000.0,USD,TC,CBS
1253,5,10000000000,100000000000.0,USD,TC,CBS
1254,6,100000000000,inf,USD,TC,CBS
1255,1,0,10000000.0,USD,TD,CBS
1256,2,10000000,100000000.0,USD,TD,CBS
1257,3,100000000,1000000000.0,USD,TD,CBS
1258,4,1000000000,10000000000.0,USD,TD,CBS
1259,5,10000000000,100000000000.0,USD,TD,CBS
1260,6,100000000000,inf,USD,TD,CBS
1261,1,0,10000000.0,USD,TF,CBS
1262,2,10000000,100000000.0,USD,TF,CBS
1263,3,100000000,1000000000.0,USD,TF,CBS
1264,4,1000000000,10000000000.0,USD,TF,CBS
1265,5,10000000000,100000000000.0,USD,TF,CBS
1266,6,100000000000,inf,USD,TF,CBS
1267,1,0,10000000.0,USD,TG,CBS
1268,2,10000000,100000000.0,USD,TG,CBS
1269,3,100000000,1000000000.0,USD,TG,CBS
1270,4,1000000000,10000000000.0,USD,TG,CBS
1271,5,10000000000,100000000000.0,USD,TG,CBS
1272,6,100000000000,inf,USD,TG,CBS
1273,1,0,10000000.0,USD,TH,CBS
1274,2,10000000,100000000.0,USD,TH,CBS
1275,3,100000000,1000000000.0,USD,TH,CBS
1276,4,1000000000,10000000000.0,USD,TH,CBS
1277,5,10000000000,100000000000.0,USD,TH,CBS
1278,6,100000000000,inf,USD,TH,CBS
1279,1,0,10000000.0,USD,TJ,CBS
1280,2,10000000,100000000.0,USD,TJ,CBS
1281,3,100000000,1000000000.0,USD,TJ,CBS
1282,4,1000000000,10000000000.0,USD,TJ,CBS
1283,5,10000000000,100000000000.0,USD,TJ,CBS
1284,6,100000000000,inf,USD,TJ,CBS
1285,1,0,10000000.0,USD,TK,CBS
1286,2,10000000,100000000.0,USD,TK,CBS
1287,3,100000000,1000000000.0,USD,TK,CBS
1288,4,1000000000,10000000000.0,USD,TK,CBS
1289,5,10000000000,100000000000.0,USD,TK,CBS
1290,6,100000000000,inf,USD,TK,CBS
1291,1,0,10000000.0,USD,TL,CBS
1292,2,10000000,100000000.0,USD,TL,CBS
1293,3,100000000,1000000000.0,USD,TL,CBS
1294,4,1000000000,10000000000.0,USD,TL,CBS
1295,5,10000000000,100000000000.0,USD,TL,CBS
1296,6,100000000000,inf,USD,TL,CBS
1297,1,0,10000000.0,USD,TM,CBS
1298,2,10000000,100000000.0,USD,TM,CBS
1299,3,100000000,1000000000.0,USD,TM,CBS
1300,4,1000000000,10000000000.0,USD,TM,CBS
1301,5,10000000000,100000000000.0,USD,TM,CBS
1302,6,100000000000,inf,USD,TM,CBS
1303,1,0,10000000.0,USD,TN,CBS
1304,2,10000000,100000000.0,USD,TN,CBS
1305,3,100000000,1000000000.0,USD,TN,CBS
1306,4,1000000000,10000000000.0,USD,TN,CBS
1307,5,10000000000,100000000000.0,USD,TN,CBS
1308,6,100000000000,inf,USD,TN,CBS
1309,1,0,10000000.0,USD,TO,CBS
1310,2,10000000,100000000.0,USD,TO,CBS
1311,3,100000000,1000000000.0,USD,TO,CBS
1312,4,1000000000,10000000000.0,USD,TO,CBS
1313,5,10000000000,100000000000.0,USD,TO,CBS
1314,6,100000000000,inf,USD,TO,CBS
1315,1,0,10000000.0,USD,TR,CBS
1316,2,10000000,100000000.0,USD,TR,CBS
1317,3,100000000,1000000000.0,USD,TR,CBS
1318,4,1000000000,10000000000.0,USD,TR,CBS
1319,5,10000000000,100000000000.0,USD,TR,CBS
1320,6,100000000000,inf,USD,TR,CBS
1321,1,0,10000000.0,USD,TT,CBS
1322,2,10000000,100000000.0,USD,TT,CBS
1323,3,100000000,1000000000.0,USD,TT,CBS
1324,4,1000000000,10000000000.0,USD,TT,CBS
1325,5,10000000000,100000000000.0,USD,TT,CBS
1326,6,100000000000,inf,USD,TT,CBS
1327,1,0,10000000.0,USD,TV,CBS
1328,2,10000000,100000000.0,USD,TV,CBS
1329,3,100000000,1000000000.0,USD,TV,CBS
1330,4,1000000000,10000000000.0,USD,TV,CBS
1331,5,10000000000,100000000000.0,USD,TV,CBS
1332,6,100000000000,inf,USD,TV,CBS
1333,1,0,10000000.0,USD,TZ,CBS
1334,2,10000000,100000000.0,USD,TZ,CBS
1335,3,100000000,1000000000.0,USD,TZ,CBS
1336,4,1000000000,10000000000.0,USD,TZ,CBS
1337,5,10000000000,100000000000.0,USD,TZ,CBS
1338,6,100000000000,inf,USD,TZ,CBS
1339,1,0,10000000.0,USD,UA,CBS
1340,2,10000000,100000000.0,USD,UA,CBS
1341,3,100000000,1000000000.0,USD,UA,CBS
1342,4,1000000000,10000000000.0,USD,UA,CBS
1343,5,10000000000,100000000000.0,USD,UA,CBS
1344,6,100000000000,inf,USD,UA,CBS
1345,1,0,10000000.0,USD,UG,CBS
1346,2,10000000,100000000.0,USD,UG,CBS
1347,3,100000000,1000000000.0,USD,UG,CBS
1348,4,1000000000,10000000000.0,USD,UG,CBS
1349,5,10000000000,100000000000.0,USD,UG,CBS
1350,6,100000000000,inf,USD,UG,CBS
1351,1,0,10000000.0,USD,UM,CBS
1352,2,10000000,100000000.0,USD,UM,CBS
1353,3,100000000,1000000000.0,USD,UM,CBS
1354,4,1000000000,10000000000.0,USD,UM,CBS
1355,5,10000000000,100000000000.0,USD,UM,CBS
1356,6,100000000000,inf,USD,UM,CBS
1357,1,0,10000000.0,USD,US,CBS
1358,2,10000000,100000000.0,USD,US,CBS
1359,3,100000000,1000000000.0,USD,US,CBS
1360,4,1000000000,10000000000.0,USD,US,CBS
1361,5,10000000000,100000000000.0,USD,US,CBS
1362,6,100000000000,inf,USD,US,CBS
1363,1,0,10000000.0,USD,UY,CBS
1364,2,10000000,100000000.0,USD,UY,CBS
1365,3,100000000,1000000000.0,USD,UY,CBS
1366,4,1000000000,10000000000.0,USD,UY,CBS
1367,5,10000000000,100000000000.0,USD,UY,CBS
1368,6,100000000000,inf,USD,UY,CBS
1369,1,0,10000000.0,USD,UZ,CBS
1370,2,10000000,100000000.0,USD,UZ,CBS
1371,3,100000000,1000000000.0,USD,UZ,CBS
1372,4,1000000000,10000000000.0,USD,UZ,CBS
1373,5,10000000000,100000000000.0,USD,UZ,CBS
1374,6,100000000000,inf,USD,UZ,CBS
1375,1,0,10000000.0,USD,VA,CBS
1376,2,10000000,100000000.0,USD,VA,CBS
1377,3,100000000,1000000000.0,USD,VA,CBS
1378,4,1000000000,10000000000.0,USD,VA,CBS
1379,5,10000000000,100000000000.0,USD,VA,CBS
1380,6,100000000000,inf,USD,VA,CBS
1381,1,0,10000000.0,USD,VC,CBS
1382,2,10000000,100000000.0,USD,VC,CBS
1383,3,100000000,1000000000.0,USD,VC,CBS
1384,4,1000000000,10000000000.0,USD,VC,CBS
1385,5,10000000000,100000000000.0,USD,VC,CBS
1386,6,100000000000,inf,USD,VC,CBS
1387,1,0,10000000.0,USD,VE,CBS
1388,2,10000000,100000000.0,USD,VE,CBS
1389,3,100000000,1000000000.0,USD,VE,CBS
1390,4,1000000000,10000000000.0,USD,VE,CBS
1391,5,10000000000,100000000000.0,USD,VE,CBS
1392,6,100000000000,inf,USD,VE,CBS
1393,1,0,10000000.0,USD,VG,CBS
1394,2,10000000,100000000.0,USD,VG,CBS
1395,3,100000000,1000000000.0,USD,VG,CBS
1396,4,1000000000,10000000000.0,USD,VG,CBS
1397,5,10000000000,100000000000.0,USD,VG,CBS
1398,6,100000000000,inf,USD,VG,CBS
1399,1,0,10000000.0,USD,VI,CBS
1400,2,10000000,100000000.0,USD,VI,CBS
1401,3,100000000,1000000000.0,USD,VI,CBS
1402,4,1000000000,10000000000.0,USD,VI,CBS
1403,5,10000000000,100000000000.0,USD,VI,CBS
1404,6,100000000000,inf,USD,VI,CBS
1405,1,0,10000000.0,USD,VN,CBS
1406,2,10000000,100000000.0,USD,VN,CBS
1407,3,100000000,1000000000.0,USD,VN,CBS
1408,4,1000000000,10000000000.0,USD,VN,CBS
1409,5,10000000000,100000000000.0,USD,VN,CBS
1410,6,100000000000,inf,USD,VN,CBS
1411,1,0,10000000.0,USD,VU,CBS
1412,2,10000000,100000000.0,USD,VU,CBS
1413,3,100000000,1000000000.0,USD,VU,CBS
1414,4,1000000000,10000000000.0,USD,VU,CBS
1415,5,10000000000,100000000000.0,USD,VU,CBS
1416,6,100000000000,inf,USD,VU,CBS
1417,1,0,10000000.0,USD,WF,CBS
1418,2,10000000,100000000.0,USD,WF,CBS
1419,3,100000000,1000000000.0,USD,WF,CBS
1420,4,1000000000,10000000000.0,USD,WF,CBS
1421,5,10000000000,100000000000.0,USD,WF,CBS
1422,6,100000000000,inf,USD,WF,CBS
1423,1,0,10000000.0,USD,WS,CBS
1424,2,10000000,100000000.0,USD,WS,CBS
1425,3,100000000,1000000000.0,USD,WS,CBS
1426,4,1000000000,10000000000.0,USD,WS,CBS
1427,5,10000000000,100000000000.0,USD,WS,CBS
1428,6,100000000000,inf,USD,WS,CBS
1429,1,0,10000000.0,USD,XB,CBS
1430,2,10000000,100000000.0,USD,XB,CBS
1431,3,100000000,1000000000.0,USD,XB,CBS
1432,4,1000000000,10000000000.0,USD,XB,CBS
1433,5,10000000000,100000000000.0,USD,XB,CBS
1434,6,100000000000,inf,USD,XB,CBS
1435,1,0,10000000.0,USD,YE,CBS
1436,2,10000000,100000000.0,USD,YE,CBS
1437,3,100000000,1000000000.0,USD,YE,CBS
1438,4,1000000000,10000000000.0,USD,YE,CBS
1439,5,10000000000,100000000000.0,USD,YE,CBS
1440,6,100000000000,inf,USD,YE,CBS
1441,1,0,10000000.0,USD,YT,CBS
1442,2,10000000,100000000.0,USD,YT,CBS
1443,3,100000000,1000000000.0,USD,YT,CBS
1444,4,1000000000,10000000000.0,USD,YT,CBS
1445,5,10000000000,100000000000.0,USD,YT,CBS
1446,6,100000000000,inf,USD,YT,CBS
1447,1,0,10000000.0,USD,ZA,CBS
1448,2,10000000,100000000.0,USD,ZA,CBS
1449,3,100000000,1000000000.0,USD,ZA,CBS
1450,4,1000000000,10000000000.0,USD,ZA,CBS
1451,5,10000000000,100000000000.0,USD,ZA,CBS
1452,6,100000000000,inf,USD,ZA,CBS
1453,1,0,10000000.0,USD,ZM,CBS
1454,2,10000000,100000000.0,USD,ZM,CBS
1455,3,100000000,1000000000.0,USD,ZM,CBS
1456,4,1000000000,10000000000.0,USD,ZM,CBS
1457,5,10000000000,100000000000.0,USD,ZM,CBS
1458,6,100000000000,inf,USD,ZM,CBS
1459,1,0,10000000.0,USD,ZW,CBS
1460,2,10000000,100000000.0,USD,ZW,CBS
1461,3,100000000,1000000000.0,USD,ZW,CBS
1462,4,1000000000,10000000000.0,USD,ZW,CBS
1463,5,10000000000,100000000000.0,USD,ZW,CBS
1464,6,100000000000,inf,USD,ZW,CBS
